,unité urbaine,fauteuils,population unité urbaine,pers/faut
0,Abbeville,1720,26131.0,15.192441860465117
1,Abondance,375,3792.0,10.112
2,Acigné,268,6977.0,26.03358208955224
3,Agde,757,29484.0,38.94848084544254
4,Agen,1883,82630.0,43.88210302708444
5,Agon-Coutainville,79,8658.0,109.59493670886076
6,Aigues-Mortes,168,8535.0,50.80357142857143
7,Aiguillon,254,4839.0,19.051181102362204
8,Aime,647,8427.0,13.024729520865533
9,Aire-sur-l'Adour,444,8086.0,18.21171171171171
10,Aizenay,240,9888.0,41.2
11,Ajaccio,2306,71685.0,31.086296617519515
12,Albert,360,9973.0,27.70277777777778
13,Albertville,612,41936.0,68.52287581699346
14,Albi,2142,76988.0,35.942110177404295
15,Alençon,1199,42631.0,35.555462885738116
16,Allevard,241,14861.0,61.66390041493776
17,Altkirch,566,9113.0,16.10070671378092
18,Alès,1309,98263.0,75.0672268907563
19,Ambert,307,7441.0,24.237785016286644
20,Ambérieu-en-Bugey,595,18444.0,30.998319327731092
21,Amiens,3111,167382.0,53.80327868852459
22,Amélie-les-Bains-Palalda,196,6285.0,32.066326530612244
23,Ancenis,549,11405.0,20.774134790528233
24,Andernos-les-Bains,634,19605.0,30.922712933753942
25,Angers,4522,236073.0,52.20544007076515
26,Angoulême,2342,112948.0,48.22715627668659
27,Annecy,4768,177543.0,37.23636744966443
28,Annonay,525,27999.0,53.331428571428575
29,Aoste,147,5924.0,40.29931972789116
30,Apt,432,15319.0,35.460648148148145
31,Argelès-Gazost,363,7138.0,19.663911845730027
32,Argent-sur-Sauldre,126,2122.0,16.841269841269842
33,Argentan,534,15405.0,28.848314606741575
34,Argentat,187,3074.0,16.43850267379679
35,Argenton-sur-Creuse,187,8544.0,45.68983957219251
36,Argentré-du-Plessis,158,4574.0,28.949367088607595
37,Arles,714,54731.0,76.65406162464986
38,Armentières (partie française),865,80174.0,92.68670520231214
39,Arras,1609,89449.0,55.59291485394655
40,Ars-en-Ré,294,4547.0,15.465986394557824
41,Arudy,126,3781.0,30.00793650793651
42,Arzon,246,2165.0,8.800813008130081
43,Aubenas,1475,43339.0,29.38237288135593
44,Aubigny,238,6813.0,28.626050420168067
45,Aubigny-sur-Nère,163,5604.0,34.38036809815951
46,Aubusson,379,3513.0,9.269129287598945
47,Auch,835,26797.0,32.09221556886227
48,Aumale,181,2480.0,13.701657458563536
49,Aunay-sur-Odon,199,4701.0,23.623115577889447
50,Auray,866,30052.0,34.70207852193995
51,Aurillac,1073,33258.0,30.995340167753962
52,Auterive,179,9963.0,55.659217877094974
53,Autun,417,14199.0,34.05035971223022
54,Auxerre,1593,43521.0,27.32015065913371
55,Auxonne,192,7694.0,40.072916666666664
56,Avallon,330,6734.0,20.406060606060606
57,Avesnes-sur-Helpe,234,8086.0,34.55555555555556
58,Avignon,8447,467426.0,55.33633242571327
59,Avranches,617,16403.0,26.58508914100486
60,Baccarat,245,4814.0,19.648979591836735
61,Bagnoles-de-l'Orne,346,3158.0,9.127167630057803
62,Bagnols-sur-Cèze,678,22743.0,33.54424778761062
63,Bagnères-de-Bigorre,116,12839.0,110.68103448275862
64,Bagnères-de-Luchon,378,4044.0,10.698412698412698
65,Baillargues,200,10855.0,54.275
66,Bain-de-Bretagne,294,7498.0,25.503401360544217
67,Balbigny,258,4214.0,16.333333333333332
68,Ballancourt-sur-Essonne,529,35634.0,67.36105860113422
69,Bar-le-Duc,763,18611.0,24.391874180865006
70,Bar-sur-Aube,439,5273.0,12.01138952164009
71,Baraqueville,164,3228.0,19.682926829268293
72,Barbezieux-Saint-Hilaire,239,4858.0,20.326359832635983
73,Barcelonnette,260,3397.0,13.065384615384616
74,Barentin,345,20537.0,59.527536231884056
75,Bastia,906,72412.0,79.92494481236203
76,Baud,255,6440.0,25.254901960784313
77,Baugé,203,12060.0,59.40886699507389
78,Baume-les-Dames,194,5138.0,26.484536082474225
79,Bayeux,444,18199.0,40.98873873873874
80,Bayonne (partie française),7024,251522.0,35.808940774487475
81,Bazas,154,5054.0,32.81818181818182
82,Beaucaire,336,31190.0,92.82738095238095
83,Beaufort,80,3694.0,46.175
84,Beaufort-en-Vallée,144,7365.0,51.145833333333336
85,Beaugency,200,8894.0,44.47
86,Beaumont-de-Lomagne,212,3939.0,18.580188679245282
87,Beaune,898,21472.0,23.910913140311806
88,Beaupréau,160,24115.0,150.71875
89,Beaurainville,211,3361.0,15.928909952606634
90,Beaurepaire,374,6004.0,16.053475935828878
91,Beauvais,2313,62365.0,26.962818849978383
92,Belfort,2973,81123.0,27.286579212916248
93,Bellac,292,4858.0,16.636986301369863
94,Bellegarde-sur-Valserine,390,17713.0,45.41794871794872
95,Belleville,299,24799.0,82.93979933110369
96,Belley,434,10711.0,24.679723502304146
97,Belz,212,9836.0,46.39622641509434
98,Benfeld,171,8573.0,50.134502923976605
99,Berck,1011,45143.0,44.65182987141444
100,Bergerac,1597,65822.0,41.21603005635567
101,Bernay,268,11855.0,44.235074626865675
102,Besançon,4066,139365.0,34.27570093457944
103,Bessières,201,4160.0,20.696517412935325
104,Betton,183,14573.0,79.63387978142076
105,Beynes,292,8284.0,28.36986301369863
106,Biars-sur-Cère,186,4627.0,24.876344086021504
107,Biganos,298,19495.0,65.41946308724832
108,Binic,309,13348.0,43.19741100323625
109,Biscarrosse,536,14292.0,26.66417910447761
110,Blain,285,10045.0,35.24561403508772
111,Blainville-sur-l'Eau,600,7284.0,12.14
112,Blaye,408,10782.0,26.426470588235293
113,Blois,2831,69189.0,24.439773931472978
114,Bohain-en-Vermandois,142,5758.0,40.54929577464789
115,Bolbec,495,18459.0,37.29090909090909
116,Bollène,97,13740.0,141.64948453608247
117,Bordeaux,23979,951880.0,39.69640101755703
118,Bormes-les-Mimosas - Le Lavandou,749,15087.0,20.142857142857142
119,Bort-les-Orgues,358,2761.0,7.712290502793296
120,Boulogne-sur-Mer,944,85730.0,90.81567796610169
121,Bourbon-Lancy,152,4893.0,32.19078947368421
122,Bourbon-l'Archambault,124,2638.0,21.274193548387096
123,Bourbonne-les-Bains,150,2078.0,13.853333333333333
124,Bourg-Argental,213,2986.0,14.018779342723004
125,Bourg-Saint-Maurice,388,10066.0,25.943298969072163
126,Bourg-en-Bresse,2532,63485.0,25.07306477093207
127,Bourganeuf,410,2700.0,6.585365853658536
128,Bourges,2793,83726.0,29.977085571070532
129,Bourgoin-Jallieu,2010,60732.0,30.214925373134328
130,Bourgueil,604,6135.0,10.157284768211921
131,Boën,183,7427.0,40.58469945355191
132,Bray-Dunes,156,4553.0,29.185897435897434
133,Bray-sur-Seine,105,3333.0,31.742857142857144
134,Bressuire,813,20726.0,25.493234932349324
135,Brest,4326,206145.0,47.65256588072122
136,Bretignolles-sur-Mer,290,7782.0,26.83448275862069
137,Briançon,564,16564.0,29.368794326241133
138,Bricquebec,203,6020.0,29.655172413793103
139,Brie-Comte-Robert,168,18550.0,110.41666666666667
140,Brignoles,253,23635.0,93.41897233201581
141,Brioude,313,7673.0,24.51437699680511
142,Brive-la-Gaillarde,2091,76771.0,36.71496891439503
143,Brumath,2755,11489.0,4.170235934664247
144,Bréal-sous-Montfort,293,6342.0,21.64505119453925
145,Buis-les-Baronnies,151,2400.0,15.894039735099337
146,Buzançais,210,4603.0,21.919047619047618
147,Bâle (SUI) - Saint-Louis (partie française),491,41047.0,83.59877800407332
148,Bédarieux,509,13332.0,26.192534381139488
149,Béthune,5452,358638.0,65.78099779897285
150,Béziers,3423,94366.0,27.56821501606778
151,Cadillac,286,5176.0,18.097902097902097
152,Caen,6576,203834.0,30.996654501216543
153,Cahors,1051,24460.0,23.273073263558516
154,Calais,2869,98926.0,34.48100383408853
155,Camaret-sur-Aigues,120,5374.0,44.78333333333333
156,Camaret-sur-Mer,200,2559.0,12.795
157,Cambo-les-Bains,110,6718.0,61.07272727272727
158,Cambrai,605,47632.0,78.73057851239669
159,Cancale,228,5237.0,22.969298245614034
160,Candé,142,2892.0,20.366197183098592
161,Canet-en-Roussillon,501,12436.0,24.822355289421157
162,Capbreton,562,12747.0,22.681494661921707
163,Carantec,161,4630.0,28.757763975155278
164,Carbonne,206,6856.0,33.28155339805825
165,Carcassonne,2093,50498.0,24.127090301003346
166,Carcès,154,7080.0,45.97402597402598
167,Carentan,316,10266.0,32.4873417721519
168,Carhaix-Plouguer,215,9558.0,44.455813953488374
169,Carmaux,573,17142.0,29.916230366492147
170,Carnac,422,8270.0,19.597156398104264
171,Carnoules,84,11044.0,131.47619047619048
172,Carnoux-en-Provence,306,6648.0,21.725490196078432
173,Cassis,111,7136.0,64.28828828828829
174,Casteljaloux,185,4589.0,24.805405405405406
175,Castelnaudary,447,13840.0,30.961968680089484
176,Castelsarrasin,921,27772.0,30.154180238870794
177,Castres,660,58750.0,89.01515151515152
178,Caudebec-en-Caux,386,4269.0,11.05958549222798
179,Caudry,598,18687.0,31.24916387959866
180,Caussade,240,8499.0,35.4125
181,Cavalaire-sur-Mer,132,11462.0,86.83333333333333
182,Cazouls-lès-Béziers,150,5117.0,34.11333333333334
183,Cazères,237,6166.0,26.0168776371308
184,Cerizay,200,5803.0,29.015
185,Chalindrey,393,3576.0,9.099236641221374
186,Challans,780,29179.0,37.40897435897436
187,Chalon-sur-Saône,2771,76866.0,27.73944424395525
188,Chalonnes-sur-Loire,274,6700.0,24.452554744525546
189,Chambéry,5078,197395.0,38.87258763292635
190,Chamonix-Mont-Blanc,508,12088.0,23.79527559055118
191,Champagne-sur-Seine,168,28623.0,170.375
192,Champagnole,389,10391.0,26.712082262210796
193,Chantilly,520,38415.0,73.875
194,Chantonnay,160,8805.0,55.03125
195,Charleville-Mézières,2062,59348.0,28.78176527643065
196,Charlieu,210,9585.0,45.642857142857146
197,Charolles,233,3246.0,13.931330472103005
198,Chartres,2025,91240.0,45.05679012345679
199,Charvieu-Chavagneux,749,28353.0,37.85447263017357
200,Chasseneuil-sur-Bonnieure,178,3329.0,18.702247191011235
201,Chauffailles,147,6330.0,43.06122448979592
202,Chaumont,1134,24403.0,21.519400352733687
203,Chauny,380,17974.0,47.3
204,Chauvigny,218,7159.0,32.8394495412844
205,Chef-Boutonne,146,2627.0,17.993150684931507
206,Chemillé,198,21583.0,109.0050505050505
207,Cherbourg-Octeville,3792,84421.0,22.26292194092827
208,Chinon,350,10294.0,29.411428571428573
209,Cholet,1460,60412.0,41.37808219178082
210,Chomérac,400,3193.0,7.9825
211,Châlons-en-Champagne,1754,58301.0,33.23888255416192
212,Château-Arnoux-Saint-Auban,465,7238.0,15.565591397849463
213,Château-Chinon (Ville),185,2310.0,12.486486486486486
214,Château-Gontier,445,17576.0,39.496629213483146
215,Château-Renault,216,7311.0,33.84722222222222
216,Château-Salins,190,2662.0,14.010526315789473
217,Château-Thierry,576,23069.0,40.05034722222222
218,Château-du-Loir,127,7570.0,59.60629921259842
219,Châteaubourg,221,9481.0,42.90045248868778
220,Châteaubriant,748,12506.0,16.719251336898395
221,Châteaudun,412,17733.0,43.04126213592233
222,Châteaugiron,182,14053.0,77.21428571428571
223,Châteaulin,194,6031.0,31.087628865979383
224,Châteauroux,1406,62437.0,44.407539118065436
225,Châtellerault,1075,41560.0,38.66046511627907
226,Châtillon-sur-Chalaronne,245,5083.0,20.746938775510205
227,Châtillon-sur-Seine,197,5704.0,28.95431472081218
228,Civray,126,4116.0,32.666666666666664
229,Clamecy,243,4133.0,17.008230452674898
230,Claye-Souilly,387,12400.0,32.041343669250644
231,Clermont,110,22096.0,200.87272727272727
232,Clermont-Ferrand,8178,277993.0,33.99278552213255
233,Clermont-l'Hérault,230,10889.0,47.34347826086957
234,Clisson,432,20153.0,46.65046296296296
235,Cluny,289,5137.0,17.775086505190313
236,Cluses,1742,92915.0,53.33811710677382
237,Cogolin,130,11798.0,90.75384615384615
238,Colmar,2366,96793.0,40.90997464074387
239,Combourg,296,6088.0,20.56756756756757
240,Commentry,600,7145.0,11.908333333333333
241,Commercy,215,5634.0,26.204651162790697
242,Compiègne,2686,72917.0,27.147058823529413
243,Concarneau,801,27617.0,34.47815230961298
244,Condom,273,6715.0,24.5970695970696
245,Condé-sur-Noireau,381,8233.0,21.608923884514436
246,Condé-sur-Vire,340,4193.0,12.33235294117647
247,Confolens,149,2827.0,18.973154362416107
248,Contrexéville,250,3415.0,13.66
249,Corbie,338,8231.0,24.35207100591716
250,Corte,232,7585.0,32.69396551724138
251,Cosne-Cours-sur-Loire,320,11085.0,34.640625
252,Coulommiers,568,27800.0,48.943661971830984
253,Courpière,124,4181.0,33.71774193548387
254,Cours-la-Ville,189,4459.0,23.59259259259259
255,Courseulles-sur-Mer,240,4297.0,17.904166666666665
256,Coutances,272,10070.0,37.02205882352941
257,Creil,4199,123453.0,29.400571564658254
258,Crest,544,14908.0,27.404411764705884
259,Crozon,177,7635.0,43.13559322033898
260,Cruas,156,3079.0,19.737179487179485
261,Créon,189,4866.0,25.746031746031747
262,Crépy-en-Valois,548,15063.0,27.48722627737226
263,Céret,170,14267.0,83.9235294117647
264,Dax,1347,52638.0,39.077951002227174
265,Decazeville,460,14693.0,31.941304347826087
266,Decize,345,7360.0,21.333333333333332
267,Delle (partie française),113,10243.0,90.64601769911505
268,Descartes,167,5595.0,33.50299401197605
269,Desvres,111,6456.0,58.16216216216216
270,Die,207,4898.0,23.66183574879227
271,Dieppe,1897,36423.0,19.200316288877175
272,Dieulefit,139,4316.0,31.050359712230215
273,Digne-les-Bains,1013,18110.0,17.877591312931884
274,Digoin,409,10223.0,24.99511002444988
275,Dijon,5418,250981.0,46.323551125876705
276,Dinan,821,29139.0,35.492082825822166
277,Dinard,1832,34612.0,18.893013100436683
278,Dives-sur-Mer,1872,34448.0,18.4017094017094
279,Divonne-les-Bains (partie française),131,10022.0,76.50381679389314
280,Dol-de-Bretagne,271,6027.0,22.239852398523986
281,Dole,1037,31549.0,30.423336547733847
282,Dompierre-sur-Besbre,130,3097.0,23.823076923076922
283,Donzère,200,5979.0,29.895
284,Douai - Lens,8664,509148.0,58.76592797783933
285,Douarnenez,620,14383.0,23.198387096774194
286,Doullens,98,6653.0,67.88775510204081
287,Dourdan,227,12139.0,53.47577092511013
288,Douvaine,208,6152.0,29.576923076923077
289,Douvres-la-Délivrande - Luc-sur-Mer,779,15085.0,19.36456996148909
290,Draguignan,1288,82347.0,63.934006211180126
291,Dreux,1544,49530.0,32.079015544041454
292,Dunières,182,2793.0,15.346153846153847
293,Dunkerque,4103,175925.0,42.87716305142579
294,Eauze,323,4013.0,12.424148606811146
295,Embrun,388,7271.0,18.739690721649485
296,Ensisheim,102,10005.0,98.08823529411765
297,Entre-deux-Guiers,222,3429.0,15.445945945945946
298,Ernée,254,5808.0,22.866141732283463
299,Erquy,245,4008.0,16.35918367346939
300,Erstein,367,11582.0,31.55858310626703
301,Esch-sur-Alzette (LUX) - Villerupt (partie française),261,21226.0,81.32567049808429
302,Espalion,217,6114.0,28.17511520737327
303,Eu,493,19912.0,40.3894523326572
304,Eyguières,198,7089.0,35.803030303030305
305,Falaise,198,8351.0,42.176767676767675
306,Fauville-en-Caux,21,4278.0,203.71428571428572
307,Fay-aux-Loges,100,6722.0,67.22
308,Fayence,254,11476.0,45.181102362204726
309,Feurs,283,9834.0,34.74911660777385
310,Figeac,580,17308.0,29.841379310344827
311,Flassans-sur-Issole,96,3614.0,37.645833333333336
312,Flers,849,22386.0,26.367491166077738
313,Fleurance,157,6093.0,38.80891719745223
314,Foix,741,14916.0,20.129554655870447
315,Fontaine-le-Comte,1501,4832.0,3.2191872085276483
316,Fontainebleau,2024,37628.0,18.59090909090909
317,Fontenay-le-Comte,520,17390.0,33.44230769230769
318,Fontvieille,135,3648.0,27.022222222222222
319,Forcalquier,135,6538.0,48.42962962962963
320,Forges-les-Eaux,699,5016.0,7.175965665236052
321,Fosses,195,22206.0,113.87692307692308
322,Fouesnant,326,25451.0,78.07055214723927
323,Fougères,1042,28064.0,26.932821497120923
324,Fouras,282,4044.0,14.340425531914894
325,Fourmies,133,14815.0,111.39097744360902
326,Fronton,120,6312.0,52.6
327,Fréjus,2257,99026.0,43.8750553832521
328,Fumel,312,11812.0,37.85897435897436
329,Fécamp,710,20291.0,28.57887323943662
330,Gacé,350,2070.0,5.914285714285715
331,Gaillac,709,19188.0,27.063469675599436
332,Gaillon,505,17632.0,34.91485148514852
333,Ganges,166,8253.0,49.71686746987952
334,Gannat,131,6021.0,45.961832061068705
335,Gap,1018,42593.0,41.83988212180746
336,Genlis,266,5317.0,19.98872180451128
337,Gençay,104,3146.0,30.25
338,Genève (SUI) - Annemasse (partie française),4659,189489.0,40.67160334835802
339,Gex,110,18322.0,166.56363636363636
340,Gien,188,15333.0,81.55851063829788
341,Gimont,97,3094.0,31.896907216494846
342,Gisors,207,14119.0,68.20772946859903
343,Givet,465,8568.0,18.425806451612903
344,Gorron,272,2604.0,9.573529411764707
345,Gourdon,290,4112.0,14.179310344827586
346,Gourin,227,3944.0,17.374449339207047
347,Gournay-en-Bray,319,7841.0,24.579937304075234
348,Gramat,158,3526.0,22.31645569620253
349,Granville,514,26868.0,52.27237354085603
350,Graulhet,280,13032.0,46.542857142857144
351,Gray,252,10015.0,39.742063492063494
352,Grenade,250,9007.0,36.028
353,Grenoble,11874,519681.0,43.76629610914603
354,Gréoux-les-Bains,641,2683.0,4.185647425897036
355,Guebwiller,740,29273.0,39.55810810810811
356,Guer,184,6979.0,37.92934782608695
357,Gueugnon,180,7143.0,39.68333333333333
358,Guichen,284,8847.0,31.151408450704224
359,Guillestre,185,3414.0,18.454054054054055
360,Guingamp,438,23098.0,52.7351598173516
361,Guipry,185,7179.0,38.8054054054054
362,Guise,160,4813.0,30.08125
363,Guémené-Penfao,165,5288.0,32.04848484848485
364,Guéret,695,14576.0,20.972661870503597
365,Gérardmer,601,9998.0,16.63560732113145
366,Hagetmau,415,5492.0,13.233734939759037
367,Haguenau,1641,60433.0,36.82693479585618
368,Ham,198,7373.0,37.23737373737374
369,Hasparren,193,7449.0,38.59585492227979
370,Hauteville-Lompnes,177,5033.0,28.43502824858757
371,Hazebrouck,540,26706.0,49.455555555555556
372,Hermanville-sur-Mer,111,5685.0,51.21621621621622
373,Hirson,436,9874.0,22.646788990825687
374,Honfleur,199,16965.0,85.25125628140704
375,Hourtin,210,3724.0,17.733333333333334
376,Héric,621,6280.0,10.112721417069244
377,Ingrandes,122,2702.0,22.147540983606557
378,Inzinzac-Lochrist,180,6660.0,37.0
379,Isigny-sur-Mer,308,3662.0,11.88961038961039
380,Issoire,408,16525.0,40.502450980392155
381,Issoudun,469,11982.0,25.547974413646056
382,Janzé,274,8485.0,30.967153284671532
383,Jard-sur-Mer,191,4019.0,21.041884816753928
384,Jarny,469,12437.0,26.5181236673774
385,Joeuf,234,23005.0,98.3119658119658
386,Joigny,118,9816.0,83.1864406779661
387,Jonzac,354,5653.0,15.968926553672317
388,Josselin,321,2592.0,8.074766355140186
389,Kembs,244,9470.0,38.81147540983606
390,L'Aigle,490,11412.0,23.289795918367346
391,L'Arbresle,199,21387.0,107.47236180904522
392,L'Argentière-la-Bessée,159,2355.0,14.81132075471698
393,L'Isle-Jourdain,191,9180.0,48.06282722513089
394,L'Île-d'Yeu,216,4967.0,22.99537037037037
395,La Bourboule,192,2308.0,12.020833333333334
396,La Bresse,400,24443.0,61.1075
397,La Broque,145,13413.0,92.50344827586207
398,La Chapelle-Basse-Mer,189,7030.0,37.195767195767196
399,La Charité-sur-Loire,301,5350.0,17.774086378737543
400,La Châtaigneraie,160,3947.0,24.66875
401,La Châtre,193,6870.0,35.59585492227979
402,La Clayette,193,2905.0,15.05181347150259
403,La Crèche,222,5918.0,26.65765765765766
404,La Ferrière,153,5439.0,35.549019607843135
405,La Ferté-Bernard,232,11976.0,51.62068965517241
406,La Ferté-Macé,182,5609.0,30.818681318681318
407,La Ferté-Milon,119,2236.0,18.789915966386555
408,La Ferté-Saint-Aubin,187,7598.0,40.63101604278075
409,La Flèche,426,15949.0,37.43896713615023
410,La Guerche-de-Bretagne,270,5513.0,20.418518518518518
411,La Haye-du-Puits,250,4107.0,16.428
412,La Mothe-Achard,300,5297.0,17.656666666666666
413,La Mure,508,6702.0,13.192913385826772
414,La Mézière,2475,5052.0,2.041212121212121
415,La Pommeraye,481,18489.0,38.438669438669436
416,La Roche-Chalais - Saint-Aigulin,161,5004.0,31.080745341614907
417,La Roche-sur-Yon,2308,57717.0,25.00736568457539
418,La Rochefoucauld,130,4132.0,31.784615384615385
419,La Rochelle,4576,134062.0,29.296765734265733
420,La Réole,249,7028.0,28.224899598393574
421,La Souterraine,190,5329.0,28.04736842105263
422,La Teste-de-Buch - Arcachon,2076,68820.0,33.15028901734104
423,La Tour-d'Aigues,119,4471.0,37.57142857142857
424,La Tour-du-Pin,208,22951.0,110.34134615384616
425,La Tranche-sur-Mer,266,2989.0,11.236842105263158
426,La Tremblade,259,12184.0,47.04247104247104
427,La Turballe,160,6962.0,43.5125
428,Labouheyre,236,2783.0,11.792372881355933
429,Labruguière,167,6617.0,39.622754491017965
430,Lamastre,250,2387.0,9.548
431,Lamballe,210,17216.0,81.98095238095237
432,Lambesc,137,10072.0,73.51824817518248
433,Lamotte-Beuvron,168,4749.0,28.267857142857142
434,Landerneau,470,18579.0,39.52978723404255
435,Landivisiau,394,11558.0,29.33502538071066
436,Langeais,189,4626.0,24.476190476190474
437,Langogne,191,3459.0,18.10994764397906
438,Langon,1458,14027.0,9.62071330589849
439,Langres,344,9696.0,28.186046511627907
440,Lannion,1265,51209.0,40.48142292490119
441,Laon,790,28904.0,36.5873417721519
442,Laragne-Montéglin,162,3952.0,24.395061728395063
443,Laval,1844,70554.0,38.26138828633405
444,Lavelanet,480,7237.0,15.077083333333333
445,Le Blanc,253,6541.0,25.85375494071146
446,Le Boulou,330,5452.0,16.52121212121212
447,Le Bourg-d'Oisans,256,3369.0,13.16015625
448,Le Cateau-Cambrésis,178,7380.0,41.46067415730337
449,Le Cheylard,159,4047.0,25.452830188679247
450,Le Creusot,411,33089.0,80.50851581508516
451,Le Faouët,192,2848.0,14.833333333333334
452,Le Grand-Bornand,349,2166.0,6.206303724928366
453,Le Grau-du-Roi,425,17390.0,40.917647058823526
454,Le Havre,4188,237880.0,56.80038204393505
455,Le Luc,100,15460.0,154.6
456,Le Lude,425,4238.0,9.971764705882354
457,Le Mans,6254,214723.0,34.333706427886156
458,Le Neubourg,405,5604.0,13.837037037037037
459,Le Palais,234,2606.0,11.136752136752136
460,Le Pont-de-Beauvoisin,189,16792.0,88.84656084656085
461,Le Puy-en-Velay,1151,40123.0,34.85925282363162
462,Le Theil,221,3601.0,16.294117647058822
463,Le Thillot,332,15523.0,46.756024096385545
464,Le Vigan,158,7267.0,45.99367088607595
465,Lectoure,174,4020.0,23.103448275862068
466,Legé,263,4642.0,17.65019011406844
467,Lencloître,289,2497.0,8.640138408304498
468,Les Andelys,407,8478.0,20.83046683046683
469,Les Herbiers,771,16616.0,21.55123216601816
470,Les Sables-d'Olonne,1413,45773.0,32.39419674451521
471,Les Vans,316,3651.0,11.55379746835443
472,Lesneven,340,13406.0,39.42941176470588
473,Lesparre-Médoc,212,8278.0,39.04716981132076
474,Levens,210,4772.0,22.723809523809525
475,Libourne,1367,36542.0,26.731528895391367
476,Liffré,300,7902.0,26.34
477,Lille (partie française),19013,1056396.0,55.56177352337874
478,Lillebonne,1034,22350.0,21.615087040618956
479,Limoges,5403,184993.0,34.23894132889136
480,Limoux,350,13429.0,38.36857142857143
481,Lisieux,1072,28875.0,26.93563432835821
482,Livron-sur-Drôme,124,16643.0,134.21774193548387
483,Loches,503,10815.0,21.50099403578529
484,Locminé,228,8533.0,37.425438596491226
485,Lodève,270,10188.0,37.733333333333334
486,Longwy (partie française),1330,47875.0,35.99624060150376
487,Lons-le-Saunier,1696,28037.0,16.53125
488,Lorgues,120,11124.0,92.7
489,Lorient,4333,118018.0,27.237018232171707
490,Loudun,151,7092.0,46.966887417218544
491,Loudéac,409,9985.0,24.413202933985332
492,Louhans,469,12210.0,26.03411513859275
493,Lourdes,1509,16754.0,11.102717031146454
494,Louviers,803,45038.0,56.08717310087173
495,Ludres,2996,8486.0,2.8324432576769025
496,Lunel,375,52616.0,140.30933333333334
497,Lunéville,551,22107.0,40.12159709618875
498,Lure,352,11265.0,32.00284090909091
499,Luxeuil-les-Bains,490,12544.0,25.6
500,Luçon,766,9962.0,13.005221932114882
501,Lyon,33475,1696765.0,50.687528005974606
502,Lézignan-Corbières,199,11449.0,57.53266331658291
503,Machecoul,327,7788.0,23.81651376146789
504,Malestroit,234,3675.0,15.705128205128204
505,Mamers,271,5914.0,21.822878228782287
506,Manosque,1432,31885.0,22.266061452513966
507,Marcigny,175,2933.0,16.76
508,Marennes,206,9939.0,48.24757281553398
509,Marmande,513,30098.0,58.67056530214425
510,Marseille - Aix-en-Provence,26063,1619129.0,62.12366189617465
511,Marvejols,177,6196.0,35.005649717514125
512,Matha,154,2241.0,14.551948051948052
513,Maubeuge (partie française),2884,112104.0,38.87101248266297
514,Maule,102,10574.0,103.66666666666667
515,Mauléon,269,8758.0,32.55762081784387
516,Mauléon-Licharre,416,6805.0,16.358173076923077
517,Mauriac,256,4624.0,18.0625
518,Mayenne,374,15741.0,42.088235294117645
519,Mazamet,485,25381.0,52.3319587628866
520,Mazères,182,3958.0,21.747252747252748
521,Maîche,320,4383.0,13.696875
522,Melle,434,6529.0,15.043778801843319
523,Mende,402,13049.0,32.460199004975124
524,Menton - Monaco (partie française),377,71481.0,189.604774535809
525,Merdrignac,142,3151.0,22.190140845070424
526,Metz,8920,290177.0,32.53105381165919
527,Meung-sur-Loire,143,9705.0,67.86713286713287
528,Meximieux,166,10714.0,64.5421686746988
529,Meymac,244,2524.0,10.344262295081966
530,Migennes,231,12279.0,53.15584415584416
531,Millau,552,24308.0,44.03623188405797
532,Mimizan,450,7301.0,16.224444444444444
533,Mirande,250,4251.0,17.004
534,Mirecourt,332,7620.0,22.951807228915662
535,Mirepoix,106,3262.0,30.77358490566038
536,Missillac,150,5435.0,36.233333333333334
537,Modane,394,3904.0,9.908629441624365
538,Moirans-en-Montagne,330,2225.0,6.742424242424242
539,Molsheim,2517,27391.0,10.882399682161303
540,Moncoutant,295,5222.0,17.701694915254237
541,Monistrol-sur-Loire,348,13732.0,39.45977011494253
542,Monnaie,300,4524.0,15.08
543,Mont-de-Marsan,1715,41091.0,23.959766763848396
544,Montaigu,280,20854.0,74.47857142857143
545,Montargis,1499,58612.0,39.100733822548364
546,Montauban,2809,81388.0,28.974012103951583
547,Montauban-de-Bretagne,150,6189.0,41.26
548,Montauroux,284,9922.0,34.936619718309856
549,Montbard,165,5459.0,33.084848484848486
550,Montbrison,816,24160.0,29.607843137254903
551,Montbéliard,2933,108639.0,37.04023184452779
552,Montceau-les-Mines,640,38556.0,60.24375
553,Montdidier,178,6477.0,36.3876404494382
554,Montendre,120,3647.0,30.391666666666666
555,Montereau-Fault-Yonne,1603,29860.0,18.627573300062384
556,Montfort-sur-Meu,264,6863.0,25.99621212121212
557,Montignac,176,2807.0,15.948863636363637
558,Montluçon,662,56043.0,84.6570996978852
559,Montmirail,288,3633.0,12.614583333333334
560,Montmorillon,166,6369.0,38.36746987951807
561,Montmédy,98,2179.0,22.23469387755102
562,Montmélian,158,6026.0,38.139240506329116
563,Montpellier,10917,455313.0,41.70678757900522
564,Montpon-Ménestérol,179,11880.0,66.36871508379889
565,Montreuil,200,4970.0,24.85
566,Montrichard,195,6875.0,35.256410256410255
567,Montréjeau,200,5629.0,28.145
568,Montsûrs,290,3242.0,11.179310344827586
569,Montélimar,1547,59051.0,38.17129928894635
570,Morcenx,441,5154.0,11.687074829931973
571,Morestel,161,16875.0,104.8136645962733
572,Moreuil,300,4512.0,15.04
573,Morez,308,7956.0,25.83116883116883
574,Morlaix,986,26414.0,26.789046653144016
575,Mornant,298,6219.0,20.869127516778523
576,Mortagne-au-Perche,146,5018.0,34.36986301369863
577,Morteau,460,10537.0,22.906521739130437
578,Morzine,549,4629.0,8.431693989071038
579,Moulins,1118,39392.0,35.234347048300535
580,Mourenx,397,14693.0,37.01007556675063
581,Mouzon,200,2306.0,11.53
582,Moëlan-sur-Mer,172,6898.0,40.104651162790695
583,Moûtiers,263,4996.0,18.99619771863118
584,Mulhouse,5977,250499.0,41.91049021248118
585,Mulsanne,252,5295.0,21.011904761904763
586,Munster,247,12029.0,48.70040485829959
587,Murat,100,1954.0,19.54
588,Mussidan,141,7280.0,51.63120567375886
589,Muzillac,186,5165.0,27.768817204301076
590,Mâcon,2086,50313.0,24.119367209971237
591,Mèze,144,12177.0,84.5625
592,Méru,237,14794.0,62.42194092827004
593,Nancy,5451,290905.0,53.367272060172446
594,Nangis,132,8860.0,67.12121212121212
595,Nantes,14850,671849.0,45.2423569023569
596,Nantua,298,4201.0,14.09731543624161
597,Narbonne,1518,56550.0,37.25296442687747
598,Nemours,507,21385.0,42.17948717948718
599,Neufchâteau,385,6926.0,17.98961038961039
600,Neufchâtel-Hardelot,198,7388.0,37.313131313131315
601,Neufchâtel-en-Bray,227,5375.0,23.6784140969163
602,Neuville-de-Poitou,134,5391.0,40.23134328358209
603,Nevers,1816,58706.0,32.32709251101321
604,Nice,21675,955949.0,44.1037600922722
605,Niort,3011,75481.0,25.068415808701427
606,Nogent-le-Rotrou,481,12311.0,25.594594594594593
607,Nogent-sur-Seine,228,6105.0,26.776315789473685
608,Noirmoutier-en-l'Île,500,4721.0,9.442
609,Nontron,169,3990.0,23.609467455621303
610,Nort-sur-Erdre,230,9116.0,39.63478260869565
611,Nouan-le-Fuzelier,200,2370.0,11.85
612,Noyon,643,15528.0,24.149300155520994
613,Nozay,202,4261.0,21.094059405940595
614,Nuits-Saint-Georges,252,6026.0,23.91269841269841
615,Nyons,284,6968.0,24.535211267605632
616,Nérac,326,12321.0,37.79447852760736
617,Nîmes,5103,187346.0,36.71291397217323
618,Obernai,173,13289.0,76.81502890173411
619,Oloron-Sainte-Marie,429,17662.0,41.17016317016317
620,Orbey,186,3596.0,19.333333333333332
621,Orléans,6162,288678.0,46.848101265822784
622,Ornans,153,4530.0,29.607843137254903
623,Orry-la-Ville,186,6655.0,35.77956989247312
624,Orthez,299,13611.0,45.52173913043478
625,Ouistreham,352,9367.0,26.610795454545453
626,Oyonnax,643,34017.0,52.90357698289269
627,Paimpol,196,18273.0,93.2295918367347
628,Palavas-les-Flots,212,5944.0,28.037735849056602
629,Pamiers,275,27492.0,99.97090909090909
630,Panissières,148,2997.0,20.25
631,Paray-le-Monial,513,9637.0,18.785575048732944
632,Parentis-en-Born,300,6677.0,22.256666666666668
633,Paris,218347,10909327.0,49.96325573513719
634,Parthenay,356,18620.0,52.30337078651685
635,Pau,5603,204082.0,36.42370158843477
636,Pauillac,283,4994.0,17.646643109540637
637,Penmarch,235,23075.0,98.19148936170212
638,Perpignan,5665,203988.0,36.00847308031774
639,Persan - Beaumont-sur-Oise,1667,38645.0,23.18236352729454
640,Pertuis,363,20704.0,57.035812672176306
641,Peyrehorade,199,7843.0,39.41206030150754
642,Phalsbourg,160,5339.0,33.36875
643,Piennes,123,4804.0,39.05691056910569
644,Pierrefeu-du-Var,100,6169.0,61.69
645,Pierrelatte,291,13713.0,47.123711340206185
646,Pithiviers,187,11990.0,64.11764705882354
647,Plancher-les-Mines,82,2945.0,35.91463414634146
648,Plestin-les-Grèves,266,5256.0,19.7593984962406
649,Plouescat,225,3564.0,15.84
650,Plougonvelin,129,4283.0,33.201550387596896
651,Plouhinec - Audierne,516,7838.0,15.189922480620154
652,Ploërmel,794,10351.0,13.036523929471032
653,Plélan-le-Grand,192,4073.0,21.213541666666668
654,Pléneuf-Val-André,600,4207.0,7.011666666666667
655,Poitiers,3493,135451.0,38.777841397079875
656,Poix-de-Picardie,220,2425.0,11.022727272727273
657,Poligny,212,4409.0,20.797169811320753
658,Pons,199,4451.0,22.366834170854272
659,Pont-Audemer,633,22500.0,35.54502369668246
660,Pont-Saint-Esprit,188,15909.0,84.62234042553192
661,Pont-Sainte-Maxence,322,17235.0,53.524844720496894
662,Pont-de-Roide,100,5679.0,56.79
663,Pont-l'Abbé,610,15100.0,24.75409836065574
664,Pont-l'Évêque,169,5164.0,30.556213017751478
665,Pont-à-Mousson,501,24139.0,48.181636726546905
666,Pontarlier,964,23374.0,24.24688796680498
667,Pontcharra,288,9707.0,33.704861111111114
668,Pontchâteau,129,11021.0,85.43410852713178
669,Pontivy,806,17965.0,22.289081885856078
670,Pornic,882,20785.0,23.565759637188208
671,Port-Saint-Louis-du-Rhône,213,8503.0,39.92018779342723
672,Porto-Vecchio,298,11934.0,40.04697986577181
673,Pouillon,288,5785.0,20.086805555555557
674,Pouzauges,154,5753.0,37.357142857142854
675,Prades,189,9935.0,52.56613756613756
676,Prayssac,260,3435.0,13.211538461538462
677,Privas,350,15354.0,43.86857142857143
678,Propriano,400,4573.0,11.4325
679,Provins,570,13597.0,23.854385964912282
680,Prunelli-di-Fiumorbo,200,3703.0,18.515
681,Puget-Ville,100,4381.0,43.81
682,Pélussin,164,4837.0,29.49390243902439
683,Périgueux,1920,77210.0,40.213541666666664
684,Péronne,210,9653.0,45.96666666666667
685,Pézenas,219,10019.0,45.74885844748859
686,Questembert,334,7997.0,23.94311377245509
687,Quiberon,242,4731.0,19.549586776859503
688,Quillan,210,3658.0,17.419047619047618
689,Quimper,2772,82761.0,29.856060606060606
690,Quimperlé,248,15004.0,60.5
691,Quintin,200,3051.0,15.255
692,Rabastens,99,8773.0,88.61616161616162
693,Raon-l'Étape,403,8147.0,20.21588089330025
694,Redon,1065,21665.0,20.342723004694836
695,Reichshoffen - Niederbronn-les-Bains,341,14888.0,43.65982404692082
696,Reims,1533,215047.0,140.2785388127854
697,Remiremont,1029,22216.0,21.589893100097182
698,Renazé,218,2594.0,11.899082568807339
699,Rennes,5595,344195.0,61.518319928507594
700,Retiers,169,6247.0,36.96449704142012
701,Revel,193,9916.0,51.37823834196891
702,Ribeauvillé,190,4867.0,25.61578947368421
703,Ribérac,314,5684.0,18.101910828025478
704,Richelieu,246,2252.0,9.154471544715447
705,Riom,542,34742.0,64.09963099630997
706,Riom-ès-Montagnes,184,2553.0,13.875
707,Roanne,2348,81644.0,34.771720613287904
708,Rochefort,1310,39092.0,29.8412213740458
709,Rodez,1603,53839.0,33.586400499064254
710,Romans-sur-Isère,1503,58222.0,38.73719228210246
711,Romilly-sur-Seine,698,17001.0,24.356733524355302
712,Romillé,209,4014.0,19.205741626794257
713,Romorantin-Lanthenay,680,18342.0,26.973529411764705
714,Rostrenen,227,3398.0,14.969162995594713
715,Rouen,12252,477226.0,38.95086516487104
716,Royan,1576,37003.0,23.479060913705585
717,Roye,326,5770.0,17.699386503067483
718,Ruffec,271,4005.0,14.77859778597786
719,Rumilly,516,17786.0,34.468992248062015
720,Ruoms,299,3878.0,12.96989966555184
721,Sablé-sur-Sarthe,360,15026.0,41.73888888888889
722,Saint-Affrique,243,9904.0,40.757201646090536
723,Saint-Aignan,232,7914.0,34.11206896551724
724,Saint-Amand-Montrond,226,12227.0,54.10176991150443
725,Saint-Amand-les-Eaux,1007,34078.0,33.84111221449851
726,Saint-André-de-Cubzac,951,24242.0,25.49106203995794
727,Saint-Arnoult-en-Yvelines,401,6047.0,15.079800498753118
728,Saint-Astier,341,6768.0,19.8475073313783
729,Saint-Aubin-du-Cormier,293,4061.0,13.860068259385665
730,Saint-Avold (partie française),205,34599.0,168.77560975609757
731,Saint-Brevin-les-Pins,828,25415.0,30.694444444444443
732,Saint-Brieuc,3337,97190.0,29.124962541204674
733,Saint-Calais,131,3948.0,30.137404580152673
734,Saint-Chély-d'Apcher,152,4771.0,31.388157894736842
735,Saint-Ciers-sur-Gironde,225,3052.0,13.564444444444444
736,Saint-Claude,419,9979.0,23.816229116945106
737,Saint-Cyprien,632,55343.0,87.56803797468355
738,Saint-Céré,284,4740.0,16.690140845070424
739,Saint-Dizier,1122,30663.0,27.328877005347593
740,Saint-Dié-des-Vosges,996,42198.0,42.36746987951807
741,Saint-Donat-sur-l'Herbasse,232,4302.0,18.54310344827586
742,Saint-Florent-sur-Cher,286,6558.0,22.93006993006993
743,Saint-Flour,252,6907.0,27.408730158730158
744,Saint-Gaudens,1020,16742.0,16.41372549019608
745,Saint-Georges-de-Mons,347,3675.0,10.590778097982708
746,Saint-Girons,284,10264.0,36.140845070422536
747,Saint-Gobain,281,2325.0,8.274021352313166
748,Saint-Hilaire-de-Riez,763,26472.0,34.69462647444299
749,Saint-Hilaire-du-Harcouët,395,9040.0,22.88607594936709
750,Saint-Jean-Pied-de-Port,300,4749.0,15.83
751,Saint-Jean-d'Angély,463,8607.0,18.58963282937365
752,Saint-Jean-de-Bournay,285,4680.0,16.42105263157895
753,Saint-Jean-de-Maurienne,265,9737.0,36.74339622641509
754,Saint-Jean-de-Monts,553,13330.0,24.10488245931284
755,Saint-Joachim - Saint-Malo-de-Guersac,150,7380.0,49.2
756,Saint-Julien-de-Concelles,198,15686.0,79.22222222222223
757,Saint-Julien-du-Sault,178,2822.0,15.853932584269662
758,Saint-Junien,328,11531.0,35.15548780487805
759,Saint-Just-Malmont,178,4268.0,23.97752808988764
760,Saint-Just-Saint-Rambert,1479,62819.0,42.47396889790399
761,Saint-Just-en-Chaussée,200,6079.0,30.395
762,Saint-Laurent-du-Pont,187,4622.0,24.71657754010695
763,Saint-Léger-lès-Domart,176,7313.0,41.55113636363637
764,Saint-Léonard-de-Noblat,192,4584.0,23.875
765,Saint-Lô,1344,25413.0,18.908482142857142
766,Saint-Macaire-en-Mauges,202,25895.0,128.19306930693068
767,Saint-Malo,1963,47817.0,24.359144167091188
768,Saint-Marcellin,330,21459.0,65.02727272727273
769,Saint-Mars-la-Jaille,220,6676.0,30.345454545454544
770,Saint-Martin-de-Crau,134,13861.0,103.44029850746269
771,Saint-Martin-en-Haut,299,4074.0,13.62541806020067
772,Saint-Maximin-la-Sainte-Baume,140,17063.0,121.87857142857143
773,Saint-Michel-de-Maurienne,187,3099.0,16.572192513368982
774,Saint-Méen-le-Grand,307,5944.0,19.36156351791531
775,Saint-Nazaire,4724,158390.0,33.52878916172735
776,Saint-Omer,1546,63635.0,41.161060802069855
777,Saint-Palais,496,3049.0,6.147177419354839
778,Saint-Paul-Trois-Châteaux,159,10730.0,67.48427672955975
779,Saint-Philbert-de-Grand-Lieu,228,9183.0,40.276315789473685
780,Saint-Pierre-d'Oléron,630,6781.0,10.763492063492064
781,Saint-Pierre-sur-Dives,144,7831.0,54.38194444444444
782,Saint-Pol-de-Léon,531,12855.0,24.2090395480226
783,Saint-Pol-sur-Ternoise,140,8722.0,62.3
784,Saint-Pourçain-sur-Sioule,264,5300.0,20.075757575757574
785,Saint-Quentin,1927,64548.0,33.49662688116243
786,Saint-Renan,300,8316.0,27.72
787,Saint-Rémy-de-Provence,190,13087.0,68.87894736842105
788,Saint-Sever,200,5064.0,25.32
789,Saint-Sulpice,167,9498.0,56.874251497005986
790,Saint-Symphorien-sur-Coise,376,3782.0,10.058510638297872
791,Saint-Tropez,168,8945.0,53.24404761904762
792,Saint-Valery-en-Caux,189,4069.0,21.52910052910053
793,Saint-Vallier,354,9564.0,27.016949152542374
794,Saint-Vincent-de-Tyrosse,286,16739.0,58.52797202797203
795,Saint-Yrieix-la-Perche,264,7161.0,27.125
796,Saint-Étienne,8369,378916.0,45.2761381288087
797,Saint-Étienne-de-Montluc,241,7488.0,31.070539419087137
798,Sainte-Maure-de-Touraine,140,4193.0,29.95
799,Sainte-Maxime,450,19070.0,42.37777777777778
800,Sainte-Sigolène,208,8395.0,40.36057692307692
801,Saintes,1776,30762.0,17.320945945945947
802,Saintes-Maries-de-la-Mer,380,2178.0,5.731578947368421
803,Salernes,172,6180.0,35.93023255813954
804,Salies-de-Béarn,138,4718.0,34.18840579710145
805,Sallanches,1869,46501.0,24.880149812734082
806,Salles,162,7352.0,45.382716049382715
807,Salon-de-Provence,2273,62726.0,27.59612846458425
808,Samoëns,304,3998.0,13.151315789473685
809,Sarlat-la-Canéda,979,9201.0,9.398365679264556
810,Sarre-Union,80,2854.0,35.675
811,Sarrebourg,853,16303.0,19.112543962485347
812,Sarrebruck (ALL) - Forbach (partie française),3248,83302.0,25.64716748768473
813,Sarreguemines (partie française),1452,29632.0,20.407713498622588
814,Saulieu,151,2493.0,16.509933774834437
815,Saumur,1469,29390.0,20.006807351940097
816,Sausset-les-Pins - Carry-le-Rouet,200,13668.0,68.34
817,Savenay,662,12211.0,18.44561933534743
818,Saverdun,189,5006.0,26.486772486772487
819,Saverne,411,19194.0,46.7007299270073
820,Sedan,450,25538.0,56.75111111111111
821,Segré,375,18306.0,48.816
822,Selles-sur-Cher,123,4646.0,37.77235772357724
823,Semur-en-Auxois,124,4484.0,36.16129032258065
824,Senlis,227,16462.0,72.51982378854626
825,Senonches,306,3108.0,10.156862745098039
826,Sens,1340,39272.0,29.307462686567163
827,Seyssel,128,4734.0,36.984375
828,Sigean,206,5627.0,27.315533980582526
829,Sisteron,225,7817.0,34.742222222222225
830,Soissons,982,44009.0,44.81568228105906
831,Sommières,296,7962.0,26.89864864864865
832,Souillac,344,4405.0,12.805232558139535
833,Soulac-sur-Mer,287,2844.0,9.909407665505226
834,Soultz-sous-Forêts,225,3221.0,14.315555555555555
835,Soustons,206,8251.0,40.05339805825243
836,Stenay,210,3098.0,14.752380952380953
837,Strasbourg (partie française),8104,478688.0,59.06811451135242
838,Sully-sur-Loire,204,12112.0,59.372549019607845
839,Surgères,210,6974.0,33.20952380952381
840,Sète,932,92444.0,99.18884120171674
841,Sées,212,4637.0,21.87264150943396
842,Sélestat,594,19629.0,33.04545454545455
843,Sézanne,319,4864.0,15.247648902821316
844,Talmont-Saint-Hilaire,328,7931.0,24.179878048780488
845,Tarare,357,17686.0,49.5406162464986
846,Tarascon-sur-Ariège,200,5329.0,26.645
847,Tarbes,1968,79909.0,40.604166666666664
848,Templeuve,296,10581.0,35.74662162162162
849,Tence,172,3140.0,18.25581395348837
850,Tergnier,498,22756.0,45.69477911646587
851,Terrasson-Lavilledieu,228,8090.0,35.48245614035088
852,Thann - Cernay,2054,31955.0,15.557448880233691
853,Thiers,341,14313.0,41.97360703812317
854,Thionville,3301,135978.0,41.19297182671917
855,Thiviers,173,4049.0,23.404624277456648
856,Thizy,333,6153.0,18.47747747747748
857,Thonon-les-Bains,1967,80255.0,40.80071174377224
858,Thouars,530,17536.0,33.08679245283019
859,Thônes,189,10629.0,56.23809523809524
860,Tonneins,406,10209.0,25.145320197044335
861,Tonnerre,141,5247.0,37.212765957446805
862,Toucy,74,2774.0,37.486486486486484
863,Toul,246,22923.0,93.1829268292683
864,Toulon,9786,588245.0,60.110872675250356
865,Toulouse,18955,996979.0,52.5971511474545
866,Tournon-sur-Rhône,285,31637.0,111.00701754385965
867,Tournus,219,5861.0,26.76255707762557
868,Tours,10422,362653.0,34.79687200153521
869,Troyes,2352,141995.0,60.37202380952381
870,Tulle,708,22666.0,32.01412429378531
871,Tullins,106,9057.0,85.44339622641509
872,Ugine,615,9074.0,14.754471544715447
873,Ussel,491,9923.0,20.209775967413442
874,Uzerche,187,2855.0,15.267379679144385
875,Uzès,500,12041.0,24.082
876,Vaison-la-Romaine,442,7868.0,17.800904977375566
877,Valdahon,241,5787.0,24.012448132780083
878,Valence,3962,114271.33333333333,28.84183072522295
879,Valenciennes (partie française),5068,337884.0,66.67008681925809
880,Vallet,282,9358.0,33.184397163120565
881,Valognes,340,8289.0,24.379411764705882
882,Valréas,807,9655.0,11.964064436183396
883,Vannes,2792,82871.0,29.681590257879655
884,Vayrac,200,2643.0,13.215
885,Vendôme,900,23803.0,26.447777777777777
886,Verdun,1161,24496.0,21.099052540913007
887,Verdun-sur-Garonne,98,4848.0,49.46938775510204
888,Vern-sur-Seiche,1244,8193.0,6.586012861736334
889,Verneuil-sur-Avre,168,8239.0,49.041666666666664
890,Vernon,836,32475.0,38.84569377990431
891,Vervins,149,3768.0,25.288590604026847
892,Vesoul,2331,29632.0,12.712140712140712
893,Veynes,276,3526.0,12.77536231884058
894,Vic-Fezensac,112,4025.0,35.9375
895,Vic-en-Bigorre,110,5131.0,46.64545454545455
896,Vichy,1012,66474.0,65.68577075098814
897,Vienne,1797,97103.0,54.036171396772396
898,Vierzon,1191,29527.0,24.791771620486987
899,Vihiers,204,8008.0,39.254901960784316
900,Villard-de-Lans,419,4464.0,10.653937947494033
901,Villars-les-Dombes,137,5057.0,36.91240875912409
902,Villedieu-les-Poêles,240,5821.0,24.254166666666666
903,Villefontaine,600,36831.0,61.385
904,Villefranche-de-Lauragais,162,5285.0,32.623456790123456
905,Villefranche-de-Rouergue,305,13124.0,43.02950819672131
906,Villeneuve-sur-Lot,845,49671.0,58.78224852071006
907,Villers-Cotterêts,217,11104.0,51.1705069124424
908,Vinon-sur-Verdon,160,4330.0,27.0625
909,Vire,345,17774.0,51.518840579710144
910,Vitry-le-François,465,14782.0,31.789247311827957
911,Vitré,515,18815.0,36.53398058252427
912,Vittel,313,5092.0,16.268370607028753
913,Vizille,420,20672.0,49.21904761904762
914,Vouziers,353,4489.0,12.71671388101983
915,Wissembourg (partie française),411,7732.0,18.81265206812652
916,Ydes,182,2784.0,15.296703296703297
917,Yssingeaux,252,7711.0,30.599206349206348
918,Yvetot,690,15529.0,22.505797101449275
919,Zone rurale,55677,14862638.0,266.9439445372416
920,Égletons,269,5046.0,18.75836431226766
921,Épernay,1070,30138.0,28.166355140186916
922,Épernon,544,12528.0,23.029411764705884
923,Épinal,1600,64037.0,40.023125
924,Étampes,484,31180.0,64.42148760330579
925,Évreux,2395,59519.0,24.851356993736953
926,Évron,447,8833.0,19.76062639821029
927,Ézy-sur-Eure,250,17944.0,71.776
